Agilent Technologies Inc.,A
American Airlines Group Inc.,AAL
Advance Auto Parts Inc W/I,AAP
Apple Inc.,AAPL
AbbVie Inc.,ABBV
AmerisourceBergen Corporation,ABC
ABIOMED Inc.,ABMD
Abbott Laboratories,ABT
Accenture plc Class A (Ireland),ACN
Adobe Inc.,ADBE
Analog Devices Inc.,ADI
Archer-Daniels-Midland Company,ADM
Automatic Data Processing Inc.,ADP
Alliance Data Systems Corporation,ADS
Autodesk Inc.,ADSK
Ameren Corporation,AEE
American Electric Power Company Inc.,AEP
The AES Corporation,AES
AFLAC Incorporated,AFL
Allergan plc,AGN
American International Group Inc.,AIG
Apartment Investment and Management Company,AIV
Assurant Inc.,AIZ
Arthur J. Gallagher & Co.,AJG
Akamai Technologies Inc.,AKAM
Albemarle Corporation,ALB
Align Technology Inc.,ALGN
Alaska Air Group Inc.,ALK
Allstate Corporation (The),ALL
Allegion plc,ALLE
Alexion Pharmaceuticals Inc.,ALXN
Applied Materials Inc.,AMAT
Advanced Micro Devices Inc.,AMD
AMETEK Inc.,AME
Affiliated Managers Group Inc.,AMG
Amgen Inc.,AMGN
Ameriprise Financial Inc.,AMP
American Tower Corporation (REIT),AMT
Amazon.com Inc.,AMZN
Arista Networks Inc.,ANET
ANSYS Inc.,ANSS
Anthem Inc.,ANTM
Aon plc Class A (UK),AON
A.O. Smith Corporation,AOS
Apache Corporation,APA
Anadarko Petroleum Corporation,APC
Air Products and Chemicals Inc.,APD
Amphenol Corporation,APH
Aptiv PLC,APTV
Alexandria Real Estate Equities Inc.,ARE
Arconic Inc.,ARNC
Activision Blizzard Inc,ATVI
AvalonBay Communities Inc.,AVB
Broadcom Inc.,AVGO
Avery Dennison Corporation,AVY
American Water Works Company Inc.,AWK
American Express Company,AXP
AutoZone Inc.,AZO
The Boeing Company,BA
Bank of America Corporation,BAC
Baxter International Inc.,BAX
BB&T Corporation,BBT
Best Buy Co. Inc.,BBY
Becton Dickinson and Company,BDX
Franklin Resources Inc.,BEN
Brown Forman Inc Class B,BF.B
Brighthouse Financial Inc.,BHF
Baker Hughes a GE company Class A,BHGE
Biogen Inc.,BIIB
Bank of New York Mellon Corporation (The),BK
Booking Holdings Inc.,BKNG
BlackRock Inc.,BLK
Ball Corporation,BLL
Bristol-Myers Squibb Company,BMY
Broadridge Financial Solutions Inc.Common Stock,BR
Berkshire Hathaway Inc.,BRK.B
Boston Scientific Corporation,BSX
BorgWarner Inc.,BWA
Boston Properties Inc.,BXP
Citigroup Inc.,C
ConAgra Brands Inc.,CAG
Cardinal Health Inc.,CAH
Caterpillar Inc.,CAT
Chubb Limited,CB
Cboe Global Markets Inc.,CBOE
CBRE Group Inc Class A,CBRE
CBS Corporation Class B,CBS
Crown Castle International Corp. (REIT),CCI
Carnival Corporation,CCL
Cadence Design Systems Inc.,CDNS
Celanese Corporation,CE
Celgene Corporation,CELG
Cerner Corporation,CERN
CF Industries Holdings Inc.,CF
Citizens Financial Group Inc.,CFG
Church & Dwight Company Inc.,CHD
C.H. Robinson Worldwide Inc.,CHRW
Charter Communications Inc.,CHTR
Cigna Corporation,CI
Cincinnati Financial Corporation,CINF
Colgate-Palmolive Company,CL
Clorox Company (The),CLX
Comerica Incorporated,CMA
Comcast Corporation Class A Common Stock,CMCSA
CME Group Inc.,CME
Chipotle Mexican Grill Inc.,CMG
Cummins Inc.,CMI
CMS Energy Corporation,CMS
Centene Corporation,CNC
CenterPoint Energy Inc (Holding Co),CNP
Capital One Financial Corporation,COF
Cabot Oil & Gas Corporation,COG
The Cooper Companies Inc.,COO
ConocoPhillips,COP
Costco Wholesale Corporation,COST
Coty Inc. Class A,COTY
Campbell Soup Company,CPB
Capri Holdings Limited,CPRI
Copart Inc.,CPRT
Salesforce.com Inc,CRM
Cisco Systems Inc.,CSCO
CSX Corporation,CSX
Cintas Corporation,CTAS
CenturyLink Inc.,CTL
Cognizant Technology Solutions Corporation,CTSH
Citrix Systems Inc.,CTXS
CVS Health Corporation,CVS
Chevron Corporation,CVX
Concho Resources Inc.,CXO
Dominion Energy Inc.,D
Delta Air Lines Inc.,DAL
Deere & Company,DE
Discover Financial Services,DFS
Dollar General Corporation,DG
Quest Diagnostics Incorporated,DGX
D.R. Horton Inc.,DHI
Danaher Corporation,DHR
The Walt Disney Company,DIS
Discovery Inc. Series A Common Stock,DISCA
Discovery Inc.,DISCK
DISH Network Corporation,DISH
Digital Realty Trust Inc.,DLR
Dollar Tree Inc.,DLTR
Dover Corporation,DOV
Duke Realty Corporation,DRE
Darden Restaurants Inc.,DRI
DTE Energy Company,DTE
Duke Energy Corporation (Holding Company),DUK
DaVita Inc.,DVA
Devon Energy Corporation,DVN
DowDuPont Inc.,DWDP
DXC Technology Company,DXC
Electronic Arts Inc.,EA
eBay Inc.,EBAY
Ecolab Inc.,ECL
Consolidated Edison Inc.,ED
Equifax Inc.,EFX
Edison International,EIX
Estee Lauder Companies Inc. (The),EL
Eastman Chemical Company,EMN
Emerson Electric Company,EMR
EOG Resources Inc.,EOG
Equinix Inc.,EQIX
Equity Residential of Beneficial Interest,EQR
Eversource Energy (D/B/A),ES
Essex Property Trust Inc.,ESS
E*TRADE Financial Corporation,ETFC
Eaton Corporation PLC,ETN
Entergy Corporation,ETR
Evergy Inc.,EVRG
Edwards Lifesciences Corporation,EW
Exelon Corporation,EXC
Expeditors International of Washington Inc.,EXPD
Expedia Group Inc.,EXPE
Extra Space Storage Inc,EXR
Ford Motor Company,F
Diamondback Energy Inc.,FANG
Fastenal Company,FAST
Facebook Inc.,FB
Fortune Brands Home & Security Inc.,FBHS
Freeport-McMoRan Inc.,FCX
FedEx Corporation,FDX
FirstEnergy Corp.,FE
F5 Networks Inc.,FFIV
Fidelity National Information Services Inc.,FIS
Fiserv Inc.,FISV
Fifth Third Bancorp,FITB
Foot Locker Inc.,FL
FLIR Systems Inc.,FLIR
Fluor Corporation,FLR
Flowserve Corporation,FLS
FleetCor Technologies Inc.,FLT
FMC Corporation,FMC
Fox Corporation,FOX
Fox Corporation,FOXA
FIRST REPUBLIC BANK,FRC
Federal Realty Investment Trust,FRT
TechnipFMC plc,FTI
Fortinet Inc.,FTNT
Fortive Corporation,FTV
General Dynamics Corporation,GD
General Electric Company,GE
Gilead Sciences Inc.,GILD
General Mills Inc.,GIS
Corning Incorporated,GLW
General Motors Company,GM
Alphabet Inc.,GOOG
Alphabet Inc.,GOOGL
Genuine Parts Company,GPC
Global Payments Inc.,GPN
Gap Inc. (The),GPS
Garmin Ltd.,GRMN
Goldman Sachs Group Inc. (The),GS
The Goodyear Tire & Rubber Company,GT
W.W. Grainger Inc.,GWW
Halliburton Company,HAL
Hasbro Inc.,HAS
Huntington Bancshares Incorporated,HBAN
Hanesbrands Inc.,HBI
HCA Healthcare Inc.,HCA
HCP Inc.,HCP
Home Depot Inc. (The),HD
Hess Corporation,HES
HollyFrontier Corporation,HFC
Hartford Financial Services Group Inc. (The),HIG
Huntington Ingalls Industries Inc.,HII
Hilton Worldwide Holdings Inc.,HLT
Harley-Davidson Inc.,HOG
Hologic Inc.,HOLX
Honeywell International Inc.,HON
Helmerich & Payne Inc.,HP
Hewlett Packard Enterprise Company,HPE
HP Inc.,HPQ
H&R Block Inc.,HRB
Hormel Foods Corporation,HRL
Harris Corporation,HRS
Henry Schein Inc.,HSIC
Host Hotels & Resorts Inc.,HST
The Hershey Company,HSY
Humana Inc.,HUM
International Business Machines Corporation,IBM
Intercontinental Exchange Inc.,ICE
IDEXX Laboratories Inc.,IDXX
Internationa Flavors & Fragrances Inc.,IFF
Illumina Inc.,ILMN
Incyte Corporation,INCY
IHS Markit Ltd.,INFO
Intel Corporation,INTC
Intuit Inc.,INTU
International Paper Company,IP
Interpublic Group of Companies Inc. (The),IPG
IPG Photonics Corporation,IPGP
IQVIA Holdings Inc.,IQV
Ingersoll-Rand plc (Ireland),IR
Iron Mountain Incorporated (Delaware)Common Stock REIT,IRM
Intuitive Surgical Inc.,ISRG
Gartner Inc.,IT
Illinois Tool Works Inc.,ITW
Invesco Ltd,IVZ
J.B. Hunt Transport Services Inc.,JBHT
Johnson Controls International plc,JCI
Jacobs Engineering Group Inc.,JEC
Jefferies Financial Group Inc.,JEF
Jack Henry & Associates Inc.,JKHY
Johnson & Johnson,JNJ
Juniper Networks Inc.,JNPR
JP Morgan Chase & Co.,JPM
Nordstrom Inc.,JWN
Kellogg Company,K
KeyCorp,KEY
Keysight Technologies Inc.,KEYS
The Kraft Heinz Company,KHC
Kimco Realty Corporation,KIM
KLA-Tencor Corporation,KLAC
Kimberly-Clark Corporation,KMB
Kinder Morgan Inc.,KMI
CarMax Inc,KMX
Coca-Cola Company (The),KO
Kroger Company (The),KR
Kohl's Corporation,KSS
Kansas City Southern,KSU
Loews Corporation,L
L Brands Inc.,LB
Leggett & Platt Incorporated,LEG
Lennar Corporation Class A,LEN
Laboratory Corporation of America Holdings,LH
Linde plc,LIN
LKQ Corporation,LKQ
L3 Technologies Inc.,LLL
Eli Lilly and Company,LLY
Lockheed Martin Corporation,LMT
Lincoln National Corporation,LNC
Alliant Energy Corporation,LNT
Lowe's Companies Inc.,LOW
Lam Research Corporation,LRCX
Southwest Airlines Company,LUV
Lamb Weston Holdings Inc.,LW
LyondellBasell Industries NV Class A (Netherlands),LYB
Macy's Inc,M
Mastercard Incorporated,MA
Mid-America Apartment Communities Inc.,MAA
Macerich Company (The),MAC
Marriott International,MAR
Masco Corporation,MAS
Mattel Inc.,MAT
McDonald's Corporation,MCD
Microchip Technology Incorporated,MCHP
McKesson Corporation,MCK
Moody's Corporation,MCO
Mondelez International Inc.,MDLZ
Medtronic plc.,MDT
MetLife Inc.,MET
MGM Resorts International,MGM
Mohawk Industries Inc.,MHK
McCormick & Company Incorporated,MKC
Martin Marietta Materials Inc.,MLM
Marsh & McLennan Companies Inc.,MMC
3M Company,MMM
Monster Beverage Corporation,MNST
Altria Group Inc.,MO
Mosaic Company (The),MOS
Marathon Petroleum Corporation,MPC
Merck & Company Inc. (new),MRK
Marathon Oil Corporation,MRO
Morgan Stanley,MS
MSCI Inc,MSCI
Microsoft Corporation,MSFT
Motorola Solutions Inc.,MSI
M&T Bank Corporation,MTB
Mettler-Toledo International Inc.,MTD
Micron Technology Inc.,MU
Maxim Integrated Products Inc.,MXIM
Mylan N.V.,MYL
Noble Energy Inc.,NBL
Norwegian Cruise Line Holdings Ltd.,NCLH
Nasdaq Inc.,NDAQ
NextEra Energy Inc.,NEE
Newmont Mining Corporation,NEM
Netflix Inc.,NFLX
Newfield Exploration Company,NFX
NiSource Inc,NI
Nike Inc.,NKE
Nektar Therapeutics,NKTR
Nielsen N.V.,NLSN
Northrop Grumman Corporation,NOC
National Oilwell Varco Inc.,NOV
NRG Energy Inc.,NRG
Norfolk Southern Corporation,NSC
NetApp Inc.,NTAP
Northern Trust Corporation,NTRS
Nucor Corporation,NUE
NVIDIA Corporation,NVDA
Newell Brands Inc.,NWL
News Corporation,NWS
News Corporation,NWSA
Realty Income Corporation,O
ONEOK Inc.,OKE
Omnicom Group Inc.,OMC
Oracle Corporation,ORCL
O'Reilly Automotive Inc.,ORLY
Occidental Petroleum Corporation,OXY
Paychex Inc.,PAYX
People's United Financial Inc.,PBCT
PACCAR Inc.,PCAR
Public Service Enterprise Group Incorporated,PEG
PepsiCo Inc.,PEP
Pfizer Inc.,PFE
Principal Financial Group Inc,PFG
Procter & Gamble Company (The),PG
Progressive Corporation (The),PGR
Parker-Hannifin Corporation,PH
PulteGroup Inc.,PHM
Packaging Corporation of America,PKG
PerkinElmer Inc.,PKI
Prologis Inc.,PLD
Philip Morris International Inc,PM
PNC Financial Services Group Inc. (The),PNC
Pentair plc.,PNR
Pinnacle West Capital Corporation,PNW
PPG Industries Inc.,PPG
PPL Corporation,PPL
Perrigo Company plc,PRGO
Prudential Financial Inc.,PRU
Public Storage,PSA
Phillips 66,PSX
PVH Corp.,PVH
Quanta Services Inc.,PWR
Pioneer Natural Resources Company,PXD
PayPal Holdings Inc.,PYPL
QUALCOMM Incorporated,QCOM
Qorvo Inc.,QRVO
Royal Caribbean Cruises Ltd.,RCL
Everest Re Group Ltd.,RE
Regency Centers Corporation,REG
Regeneron Pharmaceuticals Inc.,REGN
Regions Financial Corporation,RF
Robert Half International Inc.,RHI
Red Hat Inc.,RHT
Raymond James Financial Inc.,RJF
Ralph Lauren Corporation,RL
ResMed Inc.,RMD
Rockwell Automation Inc.,ROK
Rollins Inc.,ROL
Roper Technologies Inc.,ROP
Ross Stores Inc.,ROST
Republic Services Inc.,RSG
Raytheon Company,RTN
SBA Communications Corporation,SBAC
Starbucks Corporation,SBUX
Charles Schwab Corporation (The),SCHW
Sealed Air Corporation,SEE
Sherwin-Williams Company (The),SHW
SVB Financial Group,SIVB
J.M. Smucker Company (The),SJM
Schlumberger N.V.,SLB
SL Green Realty Corp,SLG
Snap-On Incorporated,SNA
Synopsys Inc.,SNPS
Southern Company (The),SO
Simon Property Group Inc.,SPG
S&P Global Inc.,SPGI
Sempra Energy,SRE
SunTrust Banks Inc.,STI
State Street Corporation,STT
Seagate Technology PLC,STX
Constellation Brands Inc.,STZ
Stanley Black & Decker Inc.,SWK
Skyworks Solutions Inc.,SWKS
Synchrony Financial,SYF
Stryker Corporation,SYK
Symantec Corporation,SYMC
Sysco Corporation,SYY
AT&T Inc.,T
Molson Coors Brewing Company Class B,TAP
Transdigm Group Incorporated Inc.,TDG
TE Connectivity Ltd. New Switzerland Registered Shares,TEL
Teleflex Incorporated,TFX
Target Corporation,TGT
Tiffany & Co.,TIF
TJX Companies Inc. (The),TJX
Torchmark Corporation,TMK
Thermo Fisher Scientific Inc,TMO
Tapestry Inc.,TPR
TripAdvisor Inc.,TRIP
T. Rowe Price Group Inc.,TROW
The Travelers Companies Inc.,TRV
Tractor Supply Company,TSCO
Tyson Foods Inc.,TSN
Total System Services Inc.,TSS
Take-Two Interactive Software Inc.,TTWO
Twitter Inc.,TWTR
Texas Instruments Incorporated,TXN
Textron Inc.,TXT
Under Armour Inc. Class C,UA
Under Armour Inc. Class A,UAA
United Continental Holdings Inc.,UAL
UDR Inc.,UDR
Universal Health Services Inc.,UHS
Ulta Beauty Inc.,ULTA
UnitedHealth Group Incorporated (DE),UNH
Unum Group,UNM
Union Pacific Corporation,UNP
United Parcel Service Inc.,UPS
United Rentals Inc.,URI
U.S. Bancorp,USB
United Technologies Corporation,UTX
Visa Inc.,V
Varian Medical Systems Inc.,VAR
V.F. Corporation,VFC
Viacom Inc.,VIAB
Valero Energy Corporation,VLO
Vulcan Materials Company (Holding Company),VMC
Vornado Realty Trust,VNO
Verisk Analytics Inc.,VRSK
VeriSign Inc.,VRSN
Vertex Pharmaceuticals Incorporated,VRTX
Ventas Inc.,VTR
Verizon Communications Inc.,VZ
Waters Corporation,WAT
Walgreens Boots Alliance Inc.,WBA
Wellcare Health Plans Inc.,WCG
Western Digital Corporation,WDC
WEC Energy Group Inc.,WEC
Welltower Inc.,WELL
Wells Fargo & Company,WFC
Whirlpool Corporation,WHR
Willis Towers Watson Public Limited Company,WLTW
Waste Management Inc.,WM
Williams Companies Inc. (The),WMB
Walmart Inc.,WMT
Westrock Company,WRK
Western Union Company (The),WU
Weyerhaeuser Company,WY
Wynn Resorts Limited,WYNN
Cimarex Energy Co,XEC
Xcel Energy Inc.,XEL
Xilinx Inc.,XLNX
Exxon Mobil Corporation,XOM
DENTSPLY SIRONA Inc.,XRAY
Xerox Corporation,XRX
Xylem Inc. New,XYL
Yum! Brands Inc.,YUM
Zimmer Biomet Holdings Inc.,ZBH
Zions Bancorporation N.A.,ZION
Zoetis Inc. Class A,ZTS
